iteration,cluster,centroid_label,c0,c1
0,0,C0,0.5666666666666667,0.5666666666666667
0,0,E,0.8,0.4
1,1,C0,0.23333333333333336,0.9
1,1,C1,0.9,0.23333333333333336
2,1,C0,0.23333333333333336,0.9
2,1,C1,0.9,0.23333333333333336
3,1,C0,0.23333333333333336,0.9
3,1,C1,0.9,0.23333333333333336
4,1,C0,0.23333333333333336,0.9
4,1,C1,0.9,0.23333333333333336
