depth,ideal_overlap,noisy_overlap
0,0.478,0.4139999999999999
1,0.478,0.40549999999999997
2,0.478,0.3939999999999999
3,0.478,0.383
4,0.478,0.37650000000000006
5,0.478,0.371
